{
    "Option_1_Consensus_Leaderless": {
        "max_speed": 5.653771444804618,
        "rep_radius": 6.300123605106634,
        "rep_weight": 3.03107974868973,
        "param_a": 2.3480925120929474,
        "param_b": 1.8295569982279032,
        "param_c": 4.701998852940713,
        "final_error": 1337.3223391256838,
        "interaction_radius": 31.60546961610065
    },
    "Option_2_Fixed_Leader": {
        "max_speed": 9.019473978765001,
        "rep_radius": 4.734242266582686,
        "rep_weight": 4.213577389418024,
        "param_a": 5.914637181104862,
        "param_b": 3.9419351287074673,
        "param_c": 3.3634905947449054,
        "final_error": 1292.1632251831547
    },
    "Option_3_Dynamic_Leader": {
        "max_speed": 9.286299508563706,
        "rep_radius": 4.869759047894437,
        "rep_weight": 8.253827993483362,
        "param_a": 10.380759900509657,
        "param_b": 7.13117078989974,
        "param_c": 3.0605698198117923,
        "final_error": 1284.4518413983196
    }
}